<?xml version="1.0" encoding="UTF-8"?>
<beans xmlns="http://www.springframework.org/schema/beans"
	xmlns:xsi="http://www.w3.org/2001/XMLSchema-instance" xmlns:aop="http://www.springframework.org/schema/aop"
	xmlns:context="http://www.springframework.org/schema/context" xmlns:p="http://www.springframework.org/schema/p"
	xmlns:tx="http://www.springframework.org/schema/tx"
	xsi:schemaLocation="http://www.springframework.org/schema/beans 
	http://www.springframework.org/schema/beans/spring-beans.xsd http://www.springframework.org/schema/context http://www.springframework.org/schema/context/spring-context.xsd http://www.springframework.org/schema/tx 
	http://www.springframework.org/schema/tx/spring-tx.xsd">
	<context:annotation-config />
	
	<bean id="sessionFactory" class="org.springframework.orm.hibernate4.LocalSessionFactoryBean">
	
		<property name="dataSource" ref="dataSource" />

		<property name="hibernateProperties">

			<props>
				<prop key="hibernate.dialect">org.hibernate.dialect.H2Dialect</prop>
				<prop key="hibernate.current_session_context_class">thread</prop>
				<!-- <prop key="hibernate.hbm2ddl.auto">create</prop> only for first 
					time, otherwise table created again and again -->
				<prop key="hibernate.hbm2ddl.auto">update</prop>
				<prop key="hibernate.show_sql">true</prop>
			</props>
		</property>
		<property name="annotatedClasses">
			<list>
				<value>com.base.Controller.MyController</value>
				<value>com.base.model.Category</value>
				<value>com.base.model.Product</value>
				<value>com.base.model.Supplier</value>
				<value>com.base.model.User</value>
				<value>com.base.dao.CategoryDAOImpl</value>
				<value>com.base.dao.SupplierDAOImpl</value>
				<value>com.base.dao.ProductDAOImpl</value>
				<value>com.base.dao.UserDAOImpl</value>
				
			</list>
		</property>

		<property name="packagesToScan">
			<list>
				<value>com.base</value>
				<value>com.base.controller</value>
				<value>com.base.model</value>
				<value>com.base.dao</value>
				<value>com.base.service</value>
			</list>
		</property>

	</bean>
	<bean id="dataSource" class="org.apache.commons.dbcp.BasicDataSource">
		<property name="driverClassName" value="org.h2.Driver" />
		<property name="url" value="jdbc:h2:tcp://localhost/~/dt2" />
		<property name="username" value="sa" />
		<property name="password" value="" />
	</bean>


	<bean id="transactionManager"
		class="org.springframework.orm.hibernate4.HibernateTransactionManager">
		<property name="sessionFactory" ref="sessionFactory" />
	</bean>
<tx:annotation-driven transaction-manager="transactionManager"/>

</beans>
